{"cameraMode":{"drawMode":0,"name":"Shaded","section":"Shading Mode"},"sceneLighting":false,"audioPlay":false,"sceneViewState":{"showFog":true,"showMaterialUpdate":false,"showSkybox":false,"showFlares":true,"showImageEffects":true,"showParticleSystems":true},"in2DMode":false,"pivot":{"x":-9.939697265625,"y":-0.299560546875,"z":-7.897705078125},"rotation":{"x":0.11772004514932633,"y":-0.8332614302635193,"z":0.19466374814510346,"w":0.5039082169532776},"size":2.545386791229248,"orthographic":true}